Antimicrobial,Group,Gene/Codon no.,Primer name,Internal number,Sequence
Betalactams,TEM,all,TEM front P1,Primer 757,5'-GCGGAACCCCTATTTG-3'
Betalactams,TEM,all,TEM-C-R-ny,Primer 686,5'-ACC AAT GCT TAA TCA GTG AG-3'
Betalactams,CTX,M-All,ctx M U1,Primer 1354,5'-ATGTGCAGYACCAGTAARGTKATGGC-3'
Betalactams,CTX,M-All,CTX-M-U-2new,Primer 1580,5'-TGGGTRAARTARGTSACCAGAAYSAGCGG-3'
Betalactams,CTX,CTX-M1 group,ctx-M-15 front P1,Primer 1537,5'-CCATGGTTAAAAAATCACTGCG-3'
Betalactams,CTX,CTX-M1 group,CTX-M-U-2new,Primer 1580,5'-TGGGTRAARTARGTSACCAGAAYSAGCGG-3'
Betalactams,CTX,CTX-M2 group,ctx-M2-group-forward,Primer 1000,5'-ATGATGACTCAGAGCATTCG-3'
Betalactams,CTX,CTX-M2 group,ctx-M2-group-reverse,Primer 1001,5'-GAAACCGTGGGTTACGATTT-3'
Betalactams,CTX,CTX-M9 group,ctx-M-9 P1,Primer 1096,5'-GTGACAAAGAGAGTGCAACGG-3'
Betalactams,CTX,CTX-M9 group,ctx-M-9 P2,Primer 1097,5'-ATGATTCTCGCCGCTGAAGCC-3'
Betalactams,ACC,ACC-1,ACC-1 ESBL P1,Primer 1359,5'-AGCCTCAGCAGCCGGTTAC -3'
Betalactams,ACC,ACC-1,ACC-1 ESBL P2,Primer 1360,5'-GAAGCCGTTAGTTGATCCGG -3'
Betalactams,DHA,DHA-1,DHA-1A,Primer 1364,5'-CTGATGAAAAAATCGTTATC-3'
Betalactams,DHA,DHA-1,DHA-1B,Primer 1365,5'-ATTCCAGTGCACTCAAAATA-3'
Betalactams,FOX,FOX group,FOX group P1,Primer 1583,5'-CGAGCAGACSCTGTTCGAG-3'
Betalactams,FOX,FOX group,FOX group P2,Primer 1584,5'-TTGGCCAGCATGACGATG-3'
Betalactams,VEB,VEB-1,VEB-1 CME-1 P1,Primer 1426,5'-TTGGACTCTGCAACAAATACGC-3'
Betalactams,VEB,VEB-1,VEB-1 CME-1 P2,Primer 1427,5'-CGACTTCCATTTCCCGATGC-3'
Betalactams,SHV,all,SHV OS5,Primer 1545,5'-TTATCTCCCTGTTAGCCACC-3'
Betalactams,SHV,all,SHV OS6,Primer 1546,5'-GATTTGCTGATTTCGCTCGG-3'
Betalactams,CMY,CMY-1 group,gruppe CMY-2,Primer 1617,5'-ATGCAACAACGACAATCC-3'
Betalactams,CMY,CMY-1 group,FOX group P2,Primer 1584,5'-TTGGCCAGCATGACGATG-3'
Betalactams,CMY,CMY-2 group,Qeprev cmy-2 start,Primer 1079,5'-ATGATGAAAAAATCGTTATGCTGC-3'
Betalactams,CMY,CMY-2 group,cmy-group2-R,Primer 1007,5'-GCTTTTCAAGAATGCGCCAGG-3'
Betalactams,IMP,all,IMP-F,Primer 2635,5'-GGAATAGAGTGGCTTAAYTCTC-3'
Betalactams,IMP,all,IMP-R,Primer 2636,5'-GGTTTAAYAAAACAACCACC-3'
Betalactams,SPM,all,SPM-F,Primer 2637,5'-AAAATCTGGGTACGCAAACG-3'
Betalactams,SPM,all,SPM-R,Primer 2638,5'-ACATTATCCGCTGGAACAGG-3'
Betalactams,VIM,all,VIM-F,Primer 2639,5'-GATGGTGTTTGGTCGCATA-3'
Betalactams,VIM,all,VIM-R,Primer 2640,5'-CGAATGCGCAGCACCAG-3'
Betalactams,OXA,OXA-48,OXA-48-F,Primer 2641,5'-GCGTGGTTAAGGATGAACAC-3'
Betalactams,OXA,OXA-48,OXA-48-R,Primer 2642,5'-CATCAAGTTCAACCCAACCG-3'
Betalactams,BIC,all,BIC-F,Primer 2643,5'-TATGCAGCTCCTTTAAGGGC-3'
Betalactams,BIC,all,BIC-R,Primer 2644,5'-TCATTGGCGGTGCCGTACAC-3'
Betalactams,KPC,all,KPC-Fm,Primer 2645,5'-CGTCTAGTTCTGCTGTCTTG-3'
Betalactams,KPC,all,KPC-Rm,Primer 2646,5'-CTTGTCATCCTTGTTAGGCG-3'
Betalactams,NDM,all,NDM-F,Primer 2647,5'-GGTTTGGCGATCTGGTTTTC-3'
Betalactams,NDM,all,NDM-R,Primer 2648,5'-CGGAATGGCTCATCACGATC-3'
Chloramphenicol,,cmlA,"CmlA 1F, U12338 3860=>3879",Primer 114,5'-TAC TCG GAT CCA TGC TGG CC-3'
Chloramphenicol,,cmlA,"CmlA 2B, U12338 4437=>4418",Primer 115,5'-TCC TCG AAG AGC GCC ATT GG-3'
Chloramphenicol,,catA1,"CAT1,X64410a 193-213",Primer 94,5'-CGC CTG ATG AAT GCT CAT CCG-3'
Chloramphenicol,,catA1,"CAT2,X64110a, 649-630",Primer 95,5'-CCT GCC ACT CAT CGC AGT AC-3'
Florphenicol,,floR,Flor-1,Primer 348,5'-ATGGCAGGCGATATTCATTA-3'
Florphenicol,,floR,Flor-2,Primer 349,5'-AAACGGGTTGTCACGATCAT-3'
Gentamicin,,aac(3)-IV,AME 14ACC(3) IV B,Primer 152,5'-AGTTGACCCAGGGCTGTCGC-3'
Gentamicin,,aac(3)-IV,AME 13ACC(3) IV F,Primer 153,5'-GTG TGC TGC TGG TCC ACA GC-3'
Gentamicin,,"ant(2"")-I","AME 3, ANT (2"")-I-1",Primer 81,5'-GGG CGC GTC ATG GAG GAG TT-3'
Gentamicin,,"ant(2"")-I","AME 4, ANT (2"")-I-2",Primer 82,5'-TAT CGC GAC CTG AAA GCG GC-3'
Gentamicin,,aac(3)-II,"AME7, AAC(3)-II X51534 381->400",Primer 87,5'-TGA AAC GCT GAC GGA GCC TC-3'
Gentamicin,,aac(3)-II,"AME8, AAC(3)-II X51534 750->731",Primer 88,5'-GTC GAA CAG GTA GCA CTG AG-3'
Neomycin,,aph(3’)-III,AME 19 APH (3 ́) I-F,Primer 171,5'-AACGTCTTGCTCGAGGCCGCG-3'
Neomycin,,aph(3’)-III,AME 20 APH(3 ́) I-B,Primer 172,5'-GGCAAGATCCTGGTATCGGTCTGCG-3'
Neomycin,,aph(3’)-II,AME 21 Aph 3`-II-F,Primer 186,5'- GCT ATT CGG CTA TGA CTG GGC-3'
Neomycin,,aph(3’)-II,AME 22 APH (3')-II B,Primer 187,5'-CCA CCA TGA TAT TCG GCA AGC-3'
Neomycin,,aph(3’)-I,"P2, APH(3"")-III",Primer 203,5'-GCCGATGTGGATTGCGAAAA-3'
Neomycin,,aph(3’)-I,"P1-APH(3"")-III new",Primer 1428,5'-GCTTGATCCCCAGTAAGTCA-3'
Quinolones,gyrA Salmonella,,"gyrA, P2 bio",Primer 184,5'-TACCGTCATAGTTATCCACGA-3'
Quinolones,gyrA Salmonella,,"gyrA, P3",Primer 185,5'-GTACTTTACGCCATGAACGT-3'
Quinolones,parC Salmonella,,ParC STPARC1,Primer 305,5'-CTATGCGATGTCAGAGCTGG-3'
Quinolones,parC Salmonella,,ParC STPARC2,Primer 306,5'-TAACAGCAGCTCGGCGTATT-3'
Quinolones,gyrA E. Coli,,E.coliGyrAF (166 355),Primer 1662,5'-ACGTACTAGGCAATGACTGG-3'
Quinolones,gyrA E. Coli,,EcoliGyrAR,Primer 1663,5'-AGAAGTCGCCGTCGATAGAAC-3'
Quinolones,parC E. Coli,,E.coliParCF 2,Primer 1684,5'-TGTATGCGATGTCTGAACTG-3'
Quinolones,parC E. Coli,,E.coliParCR,Primer 1667,5'-CTCAATAGCAGCTCGGAATA-3'
Quinolones,,qnrA,QnrA fw,Primer 1685,5'-GGATGCCAGTTTCGAGGA-3'
Quinolones,,qnrA,QnrA rw,Primer 1686,5'-TGCCAGGCACAGATCTTG-3'
Quinolones,,qnrB,qnrB (1-6)F,Primer 1831,5'-GGMATHGAAATTCGCCACTG-3'
Quinolones,,qnrB,qnrB (1-6)R,Primer 1832,5'-TTTGCYGYYCGCCAGTCGAA-3'
Quinolones,,qnrC,qnrC fw,Primer 2196,5’ GGGTTGTACATTTATTGAATC 3’
Quinolones,,qnrC,qnrC rev,Primer 2197,5’ TCCACTTTACGAGGTTCT  3’
Quinolones,,qnrD,qnr C fw,Primer 2013,5’ CGAGATCAATTTACGGGGAATA 3’
Quinolones,,qnrD,qnrC rev,Primer 2014,5’AACAAGCTGAAGCGCCTG  3’
Quinolones,,qnrS,qnrS (1-2)F,Primer 1829,5'-TCGACGTGCTAACTTGCG-3'
Quinolones,,qnrS,qnrS (1-2)R,Primer 1830,5'-GATCTAAACCGTCGAGTTCGG-3'
Quinolones,,aac(6') Ib-cr,aac(6') lb Fw 1,Primer 1757,5'-TTGCGATGCTCTATGAGTGGCTA-3'
Quinolones,,aac(6') Ib-cr,aac(6') lb Fw 2,Primer 1758,5'-CTCGAATGCCTGGCGTGTTT-3'
Quinolones,,qepA,QEPfor,Primer 1991,5'-TGGTCTACGCCATGGACCTCA- 3'
Quinolones,,qepA,QEPrev,Primer 1992,5' -TGAATTCGGACACCGTCTCCG-3'
Streptomycin,,strA,"Strep-res, strA,plasm-ref1010,787-769,primer-2",Primer 67,5'-CCA ATC GCA GAT AGA AGG C-3'
Streptomycin,,strA,"Strep-res, strA,plasm-ref1010,240-259,primer-1",Primer 68,5'-CTT GGT GAT AAC GGC AAT TC-3'
Streptomycin,,strB,"Strep-res, strB, plasm-ref1010, 623-604, primer-2",Primer 65,5'-GGA TCG TAG AAC ATA TTG GC-3'
Streptomycin,,strB,"Strep-res, strB, plasm-ref1010, 115-134, primer-1",Primer 66,5'-ATC GTC AAG GGA TTG AAA CC-3'
Streptomycin,,aadA2,aadA forward,Primer 521,5'-ATT TGC TGG TTA CGG TGA CC-3'
Streptomycin,,aadA2,aadA backward,Primer 522,5'-CTT CAA GTA TGA CGG GCT GA-3'
Streptomycin,,aadE,aadE p4,Primer 428,5'-TCA AAA CCC CTA TTA AAG CC-3'
Streptomycin,,aadE,aadE p3,Primer 429,5'ATCCTTCGGCGCGATTTTG-3'
Sulfamethoxazole,,sul1,Sul 1 forward,Primer 519,5'-TGA GAT CAG ACG TAT TGC GC-3'
Sulfamethoxazole,,sul1,Sul 1 backward,Primer 520,5'-TTG AAG GTT CGA CAG CAC GT-3'
Sulfamethoxazole,,sul2,Sul 2-f,Primer 591,5'-GCG CTC AAG GCA GAT GGC ATT-3'
Sulfamethoxazole,,sul2,Sul 2-b,Primer 592,5'-GCG TTT GAT ACC GGC ACC CGT-3'
Sulfamethoxazole,,sul3,sul3(F),Primer 1356,5'-GAGCAAGATTTTTGGAATCG-3'
Sulfamethoxazole,,sul3,sul3(B),Primer 1357,5'-CATCTGCAGCTAACCTAGGGCTTTGGA-3'
Tetracycline,,tetA,TetA primer1,Primer 173,5'-GTAATTCTGAGCACTGTCGC-3'
Tetracycline,,tetA,TetA primer2,Primer 175,5'-CTGCCTGGACAACATTGCTT-3'
Tetracycline,,tetB,"TetB-Tn10=, 39->58",Primer 90,5'-CTC AGT ATT CCA AGC CTT TG-3'
Tetracycline,,tetB,"TetB-Tn10=, 454->434",Primer 91,5'-ACT CCC CTG AGC TTG AGG GG-3'
Tetracycline,,tetC,"TetC,595->576",Primer 92,5'-GGT TGA AGG CTC TCA AGG GC-3'
Tetracycline,,tetC,"TetC,90->110",Primer 93,5'-CCT CTT GCG GGA TAT CGT CC-3'
Tetracycline,,tetD,Tet D2 (894-874),Primer 575,5'-CAT CCA TCC GGA AGT GAT AGC-3'
Tetracycline,,tetD,Tet D1 (459-478),Primer 576,5'-GGA TAT CTC ACC GCA TCT GC-3'
Tetracycline,,tetE,<tet(E)2-1 sekvens,Primer 1318,5'-TGATGATGGCACTGGTCA-3'
Tetracycline,,tetE,<tet(E)2-2 sekvens,Primer 1319,5'-GCTGGCTGTTGCCATTA-3'
Tetracycline,,tetG,TetA(G)-1,Primer 229,5'-GCAGCGAAAGCGTATTTGCG-3'
Tetracycline,,tetG,TetA(G)- 2,Primer 230,5'-TCCGAAAGCTGTCCAAGCAT-3'
Tetracycline,,Tet (H),tet(H)-1,Primer 1082,5'-ATACTGCTGATCACCGTATAGATG-3'
Tetracycline,,Tet (H),tet(H)-2,Primer 1083,5'-TCCCAATAAGCGACGC-3'
Tetracycline,,tet(K),TetK-1,Primer 218,5'-TTAGGTGAAGGGTTAGGTCC-3'
Tetracycline,,tet(K),TetK-2,Primer 219,5'-GCAAACTCATTCCAGAAGCA-3'
Tetracycline,,tet(L),TetL2-2 pos920,Primer 259,5'-ATTACACTTCCGATTTCGG-3'
Tetracycline,,tet(L),TetL2-1 pos432,Primer 260,5'-CATTTGGTCTTATTGGTACG-3'
Tetracycline,,tet(M),TetM-1 pos.966-985,Primer 266,5'-GTTAAATAGTGTTCTTGGAG-3'
Tetracycline,,tet(M),TetM-2 pos.1622-1603,Primer 267,5'-CTAAGATATGGCTCTAACAA-3'
Tetracycline,,tet(O),TetO-1,Primer 232,5'-GATGGCATACAGGCACAGAC-3'
Tetracycline,,tet(O),TETO-2,Primer 773,5'-CAA TAT CAC CAG AGC AGG CT-3'
Tetracycline,,tet(S),TetS-1,Primer 216,5'-TGGAACGCCAGAGAGGTATT-3'
Tetracycline,,tet(S),TetS-2,Primer 217,5'-ACATAGACAAGCCGTTGACC-3'
Tetracycline,,Tet (T),tetT-2 (1624-1606),Primer 497,5'-CGA GAA ATG GGT CTT CTT-3'
Tetracycline,,Tet (T),tetT-1 (641-658),Primer 499,5'-CTA TAC GGG CGT CTA CAG-3'
Tetracycline,,Tet (W),tetW-2 (1180-1161),Primer 496,5'-TGG TCC CCT AAT ACA TCG TT-3'
Tetracycline,,Tet (W),tetW-1,Primer 500,5'-GCC ATC TTG GTG ATC TCC-3'
Tetracycline,,Tet (Z),<tet(Z)-1,Primer 1387,5'-cccactgcacgtcggactac-3'
Tetracycline,,Tet (Z),<tet(Z)-2,Primer 1388,5'-gagggcaaggccgatga-3'
Tetracycline,,Tet (31),Tet31-1,Primer 975,5'-GCTCTATCTAGGGAGAATGA-3'
Tetracycline,,Tet (31),Tet31-2,Primer 976,5'-GCTAACCATGATACCTTGTA-3'
Tetracycline,,tet(32),tet32(2)array_rev,Primer 2267,5'-CTCTTTCATAGCCACGCC-3'
Tetracycline,,tet(32),tet32(2)array_for,Primer 2268,5'-AACCGAAGCATACCGCTC-3'
Tetracycline,,tet(33),<tet(33)-1,Primer 1385,5'-atgcggttccgctgaa-3'
Tetracycline,,tet(33),<tet(33)-2,Primer 1386,5'-ggaaaatgcgtcagtgacaa-3'
Tetracycline,,Tet (34),Tet34-1,Primer 977,5'-ATACGGGGATGCAAACTTCA-3'
Tetracycline,,Tet (34),Tet34-2,Primer 978,5'-ACGAGTGAGCTCTGATGTCTCTT-3'
Tetracycline,,tet(39),tet(ny)-1,Primer 1397,5'-CTCCTTCTCTATTGTGGCTA-3'
Tetracycline,,tet(39),tet(ny)-2,Primer 1398,5'-CACTAATACCTCTGGACATCA-3'
Glycopeptides,,VanA,VanA2,Primer 7,5'-AAC AAC TTA CGC GGC ACT-3'
Glycopeptides,,VanA,VanA1,Primer 8,5'-AAA GTG CGA AAA ACC TTG C-3'
Glycopeptides,,VanB,VanB-1,Primer 106,5'-GAT ATT CAA AGC TCC GCA GC-3'
Glycopeptides,,VanB,VanB-2,Primer 107,5'-GGT ATC TTC CGC ATC CAT CA-3'
Glycopeptides,,Van X,VanX1,Primer 16,5'-TGC GAT TTT GCG CTT CAT TG-3'
Glycopeptides,,Van X,VanX2,Primer 17,5'-ACT TGG GAT AAT TTC ACC GG-3'
Macrolides,,ErmA,Tn554-1(ermA),Primer 41,5'-AAG CGG TAA AAC CCC TCT GAG-3'
Macrolides,,ErmA,Tn554-2 (ermA),Primer 42,5'-TCA AAG CCT GTC GGA ATT GG-3'
Macrolides,,ErmB,ermU-2(RECOGNIZES ermB),Primer 26,5'-GGA ACA TCT GTG GTA TGG CG-3'
Macrolides,,ErmB,ermU-1(RECOGNIZES ermB),Primer 27,5'-CAT TTA ACG ACG AAA CTG GC-3'
Macrolides,,ErmC,ermC-2,Primer 28,5'-CAA ACC CGT ATT CCA CGA TT-3'
Macrolides,,ErmC,ermC-1,Primer 29,5'-ATC TTT GAA ATC GGC TCA GG-3'
Macrolides,,ErmE,ErmE-F,Primer 366,5'-GAACATCGAAGTCGTCAACG-3'
Macrolides,,ErmE,ErmE-B,Primer 367,5'-GTTCTTCTGATCCAGCCGCT-3'
Macrolides,,ErmF,ermF-1,Primer 119,5'-TGT TCA AGT TGT CGGTTG TG-3'
Macrolides,,ErmF,ermF-2,Primer 120,5'-CAG GAC CTA CCT CAT AGA CA-3'
Streptogramins,,vat,VAT-1,Primer 48,5'-TGG AGT GTG ACA AGA TAG GC-3'
Streptogramins,,vat,VAT-2,Primer 50,5'-GTG ACA ACA GCT TCT GCA GC-3'
Streptogramins,,vatB,VATB-1,Primer 142,5'-GGCCCTGATCCAAATAGCAT-3'
Streptogramins,,vatB,VATB-2,Primer 143,5'-GTGCTGACCAATCCCACCAT-3'
Streptogramins,,vatD,Sat A-1 virg.primer pos 200-219,Primer 51,5'-GCT CAA TAG GAC CAG GTG TA-3'
Streptogramins,,vatD,Sat A-2-B pos 471-452,Primer 57,5'-TCC AGC TAA CAT GTA TGG CG-3'
Streptogramins,,vatE,SatG1,Primer 280,5'-ACTATACCTGACGCAAATGC-3'
Streptogramins,,vatE,SatG2B,Primer 282,5'-GGTTCAAATCTTGGTCCG-3'
Streptogramins,,vgaA,VGA-1,Primer 47,5'-AGT GGT GGT GAA GTA ACA CG-3'
Streptogramins,,vgaA,VGA-2,Primer 49,5'-CTT GTC TCC TCC GCG AAT AC-3'
Streptogramins,,vgaB,VGAB-2,Primer 154,5'-GCGACCATGAAATTGCTCTC-3'
Streptogramins,,vgaB,VGAB-1,Primer 155,5'-TGACAATATGAGTGGTGGTG-3'
Streptogramins,,vgbA,VGB-1,Primer 137,5'-TACAGAGTACCCACTACCGA-3'
Streptogramins,,vgbA,VGB-2,Primer 138,5'-TCAATTCCTGCTCCAGCAGT-3'
Streptogramins,,vgbB,VgbB-Q,Primer 227,5'-CAGCAGTCTAGATCAGAGTGG-3'
Streptogramins,,vgbB,VgBB-R,Primer 228,5'-CATACGGATCCATCTTTTCC-3'
MRSA,,SPA,,Primer 2819,5'-TAAAGACGATCCTTCGGTGAGC-3'
MRSA,,SPA,,Primer 2820,5'-CAGCAGTAGTGCCGTTTGCTT-3'
MRSA,,mecA,,Primer 2821,5'-TCCAGATTACAACTTCACCAGG-3'
MRSA,,mecA,,Primer 2822,5'-CCACTTCATATCTTGTAACG-3'
MRSA,,mecC(LGA251),,Primer 2825,5'-GAAAAAAAGGCTTAGAACGCCTC-3'
MRSA,,mecC(LGA251),,Primer 2826,5'-GAAGATCTTTTCCGTTTTCAGC-3'
MRSA,,PVL,,Primer 2823,5'-GCTGGACAAAACTTCTTGGAATAT -3'
MRSA,,PVL,,Primer 2824,5'-GATAGGACACCAATAAATTCTGGATTG-3'
